{"cameraMode":{"drawMode":0,"name":"Shaded","section":"Shading Mode"},"sceneLighting":false,"audioPlay":false,"sceneViewState":{"m_AlwaysRefresh":false,"showFog":true,"showSkybox":false,"showFlares":true,"showImageEffects":true,"showParticleSystems":true,"showVisualEffectGraphs":true,"m_FxEnabled":true},"in2DMode":false,"pivot":{"x":-0.17756670713424684,"y":0.557891845703125,"z":-0.09455597400665283},"rotation":{"x":0.24151451885700227,"y":-0.618354320526123,"z":0.20787577331066132,"w":0.718406081199646},"size":7.1749982833862309,"orthographic":false}